company_id,company,parent_cik,parent,note
100000000053,MERCK SHARP & DOHME LLC,310158,"Merck & Co., Inc.",U.S. subsidiary
100000000228,NOVARTIS PHARMACEUTICALS CORPORATION,1114448,NOVARTIS AG,U.S. subsidiary
100000196773,ADVANCED ACCELERATOR APPLICATIONS,1114448,NOVARTIS AG,acquired 2018
100000000218,ALCON RESEARCH LLC,1167379,ALCON INC,subsidiary
100000005405,ALCON VISION LLC,1167379,ALCON INC,subsidiary
100000000146,ASTRAZENECA PHARMACEUTICALS LP,901832,ASTRAZENECA PLC,U.S. subsidiary
100000010370,ASTRAZENECA UK LIMITED,901832,ASTRAZENECA PLC,subsidiary
100000005462,"ALEXION PHARMACEUTICALS, INC.",901832,ASTRAZENECA PLC,acquired 2021
100000196872,ACERTA PHARMA LLC,901832,ASTRAZENECA PLC,acquired 2016
100000005592,"JANSSEN RESEARCH & DEVELOPMENT, LLC",200406,JOHNSON & JOHNSON,subsidiary
100000000232,"JANSSEN PHARMACEUTICALS, INC",200406,JOHNSON & JOHNSON,subsidiary
100000000329,"JANSSEN BIOTECH, INC.",200406,JOHNSON & JOHNSON,subsidiary
100000000332,"JANSSEN SCIENTIFIC AFFAIRS, LLC",200406,JOHNSON & JOHNSON,subsidiary
100000005601,"DEPUY SYNTHES PRODUCTS, INC.",200406,JOHNSON & JOHNSON,subsidiary
100000005615,DEPUY SYNTHES SALES INC.,200406,JOHNSON & JOHNSON,subsidiary
100000005706,"MEDICAL DEVICE BUSINESS SERVICES, INC.",200406,JOHNSON & JOHNSON,subsidiary
100000005693,"BIOSENSE WEBSTER, INC.",200406,JOHNSON & JOHNSON,subsidiary
100000000122,ETHICON INC.,200406,JOHNSON & JOHNSON,subsidiary
100000005397,"JOHNSON & JOHNSON VISION CARE, INC.",200406,JOHNSON & JOHNSON,subsidiary
100000196772,"JOHNSON & JOHNSON SURGICAL VISION, INC.",200406,JOHNSON & JOHNSON,subsidiary
100000010740,ABIOMED,200406,JOHNSON & JOHNSON,acquired 2022
100000191758,"SHOCKWAVE MEDICAL, INC",200406,JOHNSON & JOHNSON,acquired 2024
100000781818,"ITI, INC. (D/B/A INTRA-CELLULAR THERAPIES, INC.)",200406,JOHNSON & JOHNSON,acquired 2025
100000005499,"E.R. SQUIBB & SONS, L.L.C.",14272,BRISTOL MYERS SQUIBB CO,subsidiary
100000000343,CELGENE CORPORATION,14272,BRISTOL MYERS SQUIBB CO,acquired 2019
100001376985,"MIRATI THERAPEUTICS, INC.",14272,BRISTOL MYERS SQUIBB CO,acquired 2024
100000005449,"GLAXOSMITHKLINE, LLC.",1131399,GSK plc,U.S. subsidiary
100000005550,VIIV HEALTHCARE COMPANY,1131399,GSK plc,majority-owned
100000151576,"TESARO, INC.",1131399,GSK plc,acquired 2019
100000000337,"TAKEDA PHARMACEUTICALS U.S.A., INC.",1395064,TAKEDA PHARMACEUTICAL CO LTD,U.S. subsidiary
100000061292,SHIRE NORTH AMERICAN GROUP INC,1395064,TAKEDA PHARMACEUTICAL CO LTD,acquired 2019
100000136439,"PHARMACYCLICS LLC, AN ABBVIE COMPANY",1551152,AbbVie Inc.,acquired 2015
100000000278,"ALLERGAN, INC.",1551152,AbbVie Inc.,acquired 2020
100000000279,SEAGEN INC.,78003,PFIZER INC,acquired 2023
100000010858,MEDIVATION LLC.,78003,PFIZER INC,acquired 2016
100000231820,ARRAY BIOPHARMA INC,78003,PFIZER INC,acquired 2019
100000000067,SANOFI US SERVICES INC.,1121404,Sanofi,U.S. subsidiary
100000000297,GENZYME CORPORATION,1121404,Sanofi,subsidiary
100000000299,SANOFI PASTEUR INC.,1121404,Sanofi,subsidiary
100000000076,SANOFI-AVENTIS U.S. LLC,1121404,Sanofi,U.S. subsidiary
100000000141,"TEVA PHARMACEUTICALS USA, INC.",818686,TEVA PHARMACEUTICAL INDUSTRIES LTD,U.S. subsidiary
100000000066,"LILLY USA, LLC",59478,ELI LILLY & Co,U.S. subsidiary
100000000331,ELI LILLY EXPORT S.A. PUERTO RICO BRANCH,59478,ELI LILLY & Co,branch
100000216809,"KITE PHARMA, INC.",882095,"GILEAD SCIENCES, INC.",acquired 2017
100000010384,"MEDTRONIC VASCULAR, INC.",1613103,Medtronic plc,subsidiary
100000010383,"MEDTRONIC USA, INC.",1613103,Medtronic plc,U.S. subsidiary
100000000083,COVIDIEN LP,1613103,Medtronic plc,acquired 2015
100000176739,"LIVANOVA USA, INC.",1639691,LivaNova PLC,U.S. subsidiary
100000010935,"BAUSCH HEALTH US, LLC",885590,Bausch Health Companies Inc.,U.S. subsidiary
100000226817,"SALIX PHARMACEUTICALS, A DIVISION OF BAUSCH HEALTH US, LLC",885590,Bausch Health Companies Inc.,division
100001116887,BAUSCH & LOMB AMERICAS INC.,1860742,Bausch & Lomb Corp,subsidiary
100000011010,BAXTER HEALTHCARE,10456,BAXTER INTERNATIONAL INC,subsidiary
100000005387,"HILL-ROM, INC",10456,BAXTER INTERNATIONAL INC,acquired 2021
100000005481,"BARD PERIPHERAL VASCULAR, INC.",10795,BECTON DICKINSON & CO,acquired 2017
100000005490,DAVOL INC.,10795,BECTON DICKINSON & CO,acquired 2017
100000136416,"REGENERON HEALTHCARE SOLUTIONS, INC.",872589,"REGENERON PHARMACEUTICALS, INC.",subsidiary
100000010655,"NUVASIVE, INC.",1237831,GLOBUS MEDICAL INC,merged 2023
100000005511,GE HEALTHCARE,1932393,GE HealthCare Technologies Inc.,subsidiary
